{"status":"success","lastUpdate":"2026-02-01T16:41:42.826Z","parroquias":[{"ID":"P01","Nombre":"Catedral Nuestra Señora de la Pobreza","Direccion":"Calle 21 # 7-37","Ciudad":"Pereira","Latitud":4.8143,"Longitud":-75.6946,"Telefono":6063352210},{"ID":"P02","Nombre":"San José","Direccion":"Av. Circunvalar Cra 13 # 15-50","Ciudad":"Pereira","Latitud":4.8105,"Longitud":-75.6885,"Telefono":6063332918},{"ID":"P03","Nombre":"Nuestra Señora de Fátima","Direccion":"Av. 30 de Agosto # 48-93","Ciudad":"Pereira","Latitud":4.8032,"Longitud":-75.7121,"Telefono":6063363600},{"ID":"P04","Nombre":"San Joaquín","Direccion":"Cra 26 # 71-77 Cuba","Ciudad":"Pereira","Latitud":4.7925,"Longitud":-75.7333,"Telefono":6063372223},{"ID":"P05","Nombre":"San Antonio María Claret","Direccion":"Carrera 7 # 23-42","Ciudad":"Pereira","Latitud":4.813,"Longitud":-75.6965,"Telefono":6063257037},{"ID":"P06","Nombre":"Nuestra Señora de la Valvanera","Direccion":"Calle 16 # 7-60","Ciudad":"Pereira","Latitud":4.8165,"Longitud":-75.6938,"Telefono":6063355208},{"ID":"P07","Nombre":"Sagrado Corazón de Jesús","Direccion":"Calle 19 # 4-46","Ciudad":"Pereira","Latitud":4.8158,"Longitud":-75.6915,"Telefono":6063333333},{"ID":"P08","Nombre":"San Pedro Apóstol","Direccion":"Cerritos Entrada 4","Ciudad":"Pereira","Latitud":4.808,"Longitud":-75.805,"Telefono":3183042567},{"ID":"P09","Nombre":"Espíritu Santo","Direccion":"Calle 43 # 22-25","Ciudad":"Dosquebradas","Latitud":4.8321,"Longitud":-75.6792,"Telefono":6063501282},{"ID":"P10","Nombre":"Santa Teresita del Niño Jesús","Direccion":"Barrio Álamos","Ciudad":"Pereira","Latitud":4.8078,"Longitud":-75.6845,"Telefono":6063282469},{"ID":"P11","Nombre":"Santa Rosa de Lima","Direccion":"Parque Principal","Ciudad":"Santa Rosa","Latitud":4.8712,"Longitud":-75.6231,"Telefono":6063660143},{"ID":"P12","Nombre":"Nuestra Señora de las Victorias","Direccion":"Parque Principal","Ciudad":"Santa Rosa","Latitud":4.8725,"Longitud":-75.6215,"Telefono":6063660205},{"ID":"P13","Nombre":"Nuestra Señora del Carmen","Direccion":"Parque Principal","Ciudad":"La Virginia","Latitud":4.8988,"Longitud":-75.8821,"Telefono":6063682133},{"ID":"P14","Nombre":"San Miguel Arcángel","Direccion":"Carrera 8 # 33-28","Ciudad":"Pereira","Latitud":4.8072,"Longitud":-75.7025,"Telefono":6063364233},{"ID":"P15","Nombre":"María Auxiliadora","Direccion":"Carrera 16 # 14-35","Ciudad":"Dosquebradas","Latitud":4.8215,"Longitud":-75.668,"Telefono":6063421111},{"ID":"P16","Nombre":"La Anunciación","Direccion":"Barrio Villavicencio","Ciudad":"Pereira","Latitud":4.8185,"Longitud":-75.708,"Telefono":6063214589},{"ID":"P17","Nombre":"San Cayetano","Direccion":"Barrio Providencia","Ciudad":"Pereira","Latitud":4.8055,"Longitud":-75.689,"Telefono":6063311020},{"ID":"P18","Nombre":"San Juan Bautista","Direccion":"Barrio Kennedy","Ciudad":"Pereira","Latitud":4.789,"Longitud":-75.725,"Telefono":6063375544},{"ID":"P19","Nombre":"San Juan Bosco","Direccion":"Calle 29 # 10-30","Ciudad":"Pereira","Latitud":4.8085,"Longitud":-75.7005,"Telefono":6063342512},{"ID":"P20","Nombre":"Nuestra Señora de la Paz","Direccion":"Barrio Villa del Prado","Ciudad":"Pereira","Latitud":4.785,"Longitud":-75.718,"Telefono":6063271100},{"ID":"P21","Nombre":"San Jorge","Direccion":"Barrio San Jorge","Ciudad":"Pereira","Latitud":4.819,"Longitud":-75.701,"Telefono":6063315588},{"ID":"P22","Nombre":"El Divino Maestro","Direccion":"Barrio Corocito","Ciudad":"Pereira","Latitud":4.811,"Longitud":-75.691,"Telefono":6063345566},{"ID":"P23","Nombre":"Cristo Rey","Direccion":"Barrio San Nicolás","Ciudad":"Pereira","Latitud":4.812,"Longitud":-75.705,"Telefono":6063251122},{"ID":"P24","Nombre":"La Inmaculada","Direccion":"Barrio Castellana","Ciudad":"Pereira","Latitud":4.825,"Longitud":-75.685,"Telefono":6063318899},{"ID":"P25","Nombre":"San Marcos","Direccion":"Barrio San Marcos","Ciudad":"Dosquebradas","Latitud":4.845,"Longitud":-75.678,"Telefono":6063223344},{"ID":"P26","Nombre":"Santa Mónica","Direccion":"Barrio Santa Mónica","Ciudad":"Dosquebradas","Latitud":4.828,"Longitud":-75.671,"Telefono":6063400011},{"ID":"P27","Nombre":"Nuestra Señora de la Esperanza","Direccion":"Barrio Frailes","Ciudad":"Dosquebradas","Latitud":4.815,"Longitud":-75.655,"Telefono":6063512233},{"ID":"P28","Nombre":"San Pedro y San Pablo","Direccion":"Barrio Valher","Ciudad":"Dosquebradas","Latitud":4.835,"Longitud":-75.675,"Telefono":6063481122},{"ID":"P29","Nombre":"Santísima Trinidad","Direccion":"Barrio El Japón","Ciudad":"Dosquebradas","Latitud":4.822,"Longitud":-75.66,"Telefono":6063425566},{"ID":"P30","Nombre":"San Rafael Arcángel","Direccion":"San Rafael","Ciudad":"Pereira","Latitud":4.775,"Longitud":-75.698,"Telefono":6063134455},{"ID":"P31","Nombre":"La Milagrosa","Direccion":"Barrio La Milagrosa","Ciudad":"Pereira","Latitud":4.81,"Longitud":-75.72,"Telefono":6063278899},{"ID":"P32","Nombre":"San Francisco de Asís","Direccion":"Barrio Maraya","Ciudad":"Pereira","Latitud":4.798,"Longitud":-75.705,"Telefono":6063294455},{"ID":"P33","Nombre":"La Lucila","Direccion":"Vereda La Lucila","Ciudad":"Pereira","Latitud":4.76,"Longitud":-75.75,"Telefono":3154445566},{"ID":"P34","Nombre":"San Alberto Magno","Direccion":"Av. de las Américas","Ciudad":"Pereira","Latitud":4.795,"Longitud":-75.715,"Telefono":6063361122},{"ID":"P35","Nombre":"Beato Federico Ozanam","Direccion":"Sector Samaria","Ciudad":"Pereira","Latitud":4.782,"Longitud":-75.742,"Telefono":6063123344},{"ID":"P36","Nombre":"Nuestra Señora del Pilar","Direccion":"Barrio El Poblado","Ciudad":"Pereira","Latitud":4.78,"Longitud":-75.735,"Telefono":6063171122},{"ID":"P37","Nombre":"Nuestra Señora de las Lajas","Direccion":"Barrio Boston","Ciudad":"Pereira","Latitud":4.808,"Longitud":-75.689,"Telefono":6063215566},{"ID":"P38","Nombre":"Santa Ana","Direccion":"Barrio Santa Ana","Ciudad":"Dosquebradas","Latitud":4.85,"Longitud":-75.67,"Telefono":6063494433},{"ID":"P39","Nombre":"María Mediadora","Direccion":"Barrio Los Alpes","Ciudad":"Pereira","Latitud":4.802,"Longitud":-75.682,"Telefono":6063201122},{"ID":"P40","Nombre":"San Judas Tadeo","Direccion":"Barrio San Judas","Ciudad":"Dosquebradas","Latitud":4.83,"Longitud":-75.665,"Telefono":6063503344},{"ID":"P41","Nombre":"San Pedro Apóstol","Direccion":"Apía, Risaralda","Ciudad":"Apía","Latitud":5.105,"Longitud":-75.942,"Telefono":6063608020},{"ID":"P42","Nombre":"San José","Direccion":"Belén de Umbría","Ciudad":"Belén","Latitud":5.201,"Longitud":-75.865,"Telefono":6063528040},{"ID":"P43","Nombre":"Inmaculada Concepción","Direccion":"Marsella, Risaralda","Ciudad":"Marsella","Latitud":4.938,"Longitud":-75.738,"Telefono":6063685010},{"ID":"P44","Nombre":"San Roque","Direccion":"Mistrató, Risaralda","Ciudad":"Mistrató","Latitud":5.295,"Longitud":-75.882,"Telefono":6063521030},{"ID":"P45","Nombre":"Nuestra Señora del Carmen","Direccion":"Quinchía, Risaralda","Ciudad":"Quinchía","Latitud":5.338,"Longitud":-75.728,"Telefono":6063518040},{"ID":"P46","Nombre":"San Pedro Apóstol","Direccion":"Santuario, Risaralda","Ciudad":"Santuario","Latitud":5.072,"Longitud":-75.962,"Telefono":6063601020},{"ID":"P47","Nombre":"Nuestra Señora del Rosario","Direccion":"La Celia, Risaralda","Ciudad":"La Celia","Latitud":5.002,"Longitud":-76.025,"Telefono":6063604010},{"ID":"P48","Nombre":"San Rafael","Direccion":"Pueblo Rico, Risaralda","Ciudad":"Pueblo Rico","Latitud":5.222,"Longitud":-76.035,"Telefono":6063524010},{"ID":"P49","Nombre":"San Judas Tadeo","Direccion":"Balboa, Risaralda","Ciudad":"Balboa","Latitud":4.948,"Longitud":-75.952,"Telefono":6063602010},{"ID":"P50","Nombre":"Santa Bárbara","Direccion":"Guática, Risaralda","Ciudad":"Guática","Latitud":5.318,"Longitud":-75.795,"Telefono":6063514010}],"horarios":[{"ID_Parroquia":"P01","Dia":"Lunes","Hora":"04:30:00 p.m","Tipo":"Eucaristía"},{"ID_Parroquia":"P01","Dia":"Lunes","Hora":"8:00:00 a.m","Tipo":"Eucaristía"},{"ID_Parroquia":"P01","Dia":"Lunes","Hora":"2:30:00 p.m","Tipo":"Eucaristía"},{"ID_Parroquia":"P01","Dia":"Lunes","Hora":"7:30:00 p.m","Tipo":"Eucaristía"},{"ID_Parroquia":"P01","Dia":"Lunes","Hora":"1:00:00 a.m","Tipo":"Eucaristía"},{"ID_Parroquia":"P01","Dia":"Domingo","Hora":"2:00:00 p.m","Tipo":"Eucaristía Dominical"},{"ID_Parroquia":"P01","Dia":"Domingo","Hora":"9:30:00 a.m","Tipo":"Eucaristía Dominical"},{"ID_Parroquia":"P01","Dia":"Domingo","Hora":"5:30:00 p.m","Tipo":"Eucaristía Dominical"},{"ID_Parroquia":"P01","Dia":"Domingo","Hora":"6:00:00 a.m","Tipo":"Eucaristía Dominical"},{"ID_Parroquia":"P01","Dia":"Domingo","Hora":"1:30:00 p.m","Tipo":"Eucaristía Dominical"},{"ID_Parroquia":"P01","Dia":"Domingo","Hora":"0:30:00 a.m","Tipo":"Eucaristía Dominical"},{"ID_Parroquia":"P02","Dia":"Lunes","Hora":"8:30:00 p.m","Tipo":"Eucaristía"},{"ID_Parroquia":"P02","Dia":"Lunes","Hora":"2:00:00 p.m","Tipo":"Eucaristía"},{"ID_Parroquia":"P03","Dia":"Domingo","Hora":"7:00:00 a.m","Tipo":"Eucaristía Dominical"},{"ID_Parroquia":"P03","Dia":"Domingo","Hora":"3:30:00 p.m","Tipo":"Eucaristía Dominical"},{"ID_Parroquia":"P03","Dia":"Domingo","Hora":"9:00:00 p.m","Tipo":"Eucaristía Dominical"},{"ID_Parroquia":"P04","Dia":"Sabado","Hora":"6:30:00 a.m","Tipo":"Misa de Vísperas"},{"ID_Parroquia":"P04","Dia":"Domingo","Hora":"1:00:00 p.m","Tipo":"Eucaristía Dominical"},{"ID_Parroquia":"P04","Dia":"Domingo","Hora":"0:00:00 a.m","Tipo":"Eucaristía Dominical"},{"ID_Parroquia":"P04","Dia":"Domingo","Hora":"5:00:00 p.m","Tipo":"Eucaristía Dominical"},{"ID_Parroquia":"P05","Dia":"Lunes","Hora":"8:30:00 a.m","Tipo":"Eucaristía"},{"ID_Parroquia":"P05","Dia":"Lunes","Hora":"2:30:00 p.m","Tipo":"Eucaristía"},{"ID_Parroquia":"P06","Dia":"Domingo","Hora":"1:30:00 a.m","Tipo":"Eucaristía Dominical"},{"ID_Parroquia":"P06","Dia":"Domingo","Hora":"9:00:00 a.m","Tipo":"Eucaristía Dominical"},{"ID_Parroquia":"P07","Dia":"Lunes","Hora":"4:00:00 p.m","Tipo":"Eucaristía"},{"ID_Parroquia":"P07","Dia":"Lunes","Hora":"6:30:00 p.m","Tipo":"Eucaristía"},{"ID_Parroquia":"P08","Dia":"Domingo","Hora":"7:30:00 a.m","Tipo":"Eucaristía Dominical"},{"ID_Parroquia":"P08","Dia":"Domingo","Hora":"3:00:00 p.m","Tipo":"Eucaristía Dominical"},{"ID_Parroquia":"P09","Dia":"Lunes","Hora":"8:00:00 p.m","Tipo":"Eucaristía"},{"ID_Parroquia":"P10","Dia":"Domingo","Hora":"9:30:00 p.m","Tipo":"Eucaristía Dominical"},{"ID_Parroquia":"P10","Dia":"Domingo","Hora":"01:30:00 p.m","Tipo":"Eucaristía Dominical"},{"ID_Parroquia":"P10","Dia":"Domingo","Hora":"1899-12-31T02:00:00.000Z","Tipo":"Eucaristía Dominical"},{"ID_Parroquia":"P031","Dia":"Domingo","Hora":"7:30:00 a.m","Tipo":"Eucaristía Dominical"},{"ID_Parroquia":"P031","Dia":"Domingo","Hora":"3:00:00 p.m","Tipo":"Eucaristía Dominical"},{"ID_Parroquia":"P031","Dia":"Domingo","Hora":"8:00:00 p.m","Tipo":"Eucaristía Dominical"},{"ID_Parroquia":"P031","Dia":"Lunes","Hora":"9:30:00 p.m","Tipo":"Eucaristía"},{"ID_Parroquia":"P031","Dia":"Lunes","Hora":"1:30:00 p.m","Tipo":"Eucaristía"},{"ID_Parroquia":"P031","Dia":"Lunes","Hora":"1899-12-31T02:00:00.000Z","Tipo":"Eucaristía"}]}